,종목명,코드,유형,순자산,종가,거래량,수익율,총보수,운용사
0,KODEX 200,069500,시장지수/코스피200,49461,36665,6301441,-7.84,0.15,삼성자산운용
1,TIGER 차이나전기차SOLACTIVE,371460,해외지수/해외지수,31902,14775,4914385,-21.18,0.49,미래에셋자산운용
3,TIGER 미국나스닥100,133690,해외지수/해외지수,20346,75940,271972,-9.45,0.07,미래에셋자산운용
4,TIGER 200,102110,시장지수/코스피200,19340,36680,1654712,-7.83,0.05,미래에셋자산운용
6,TIGER 단기통안채,157450,채권/단기자금,17387,100710,1065114,0.23,0.09,미래에셋자산운용
7,KODEX MSCI Korea TR,278540,시장지수/MSCI Korea Index,15816,11720,2077973,-8.51,0.15,삼성자산운용
8,KODEX 단기채권,153130,채권/단기자금,15699,103350,41328,0.26,0.15,삼성자산운용
9,KODEX 삼성그룹,102780,그룹주/삼성,14784,8885,1020524,-10.79,0.25,삼성자산운용
10,TIGER 미국S&P500,360750,해외지수/해외지수,14377,13375,1506181,-3.31,0.07,미래에셋자산운용
11,KODEX 종합채권(AA-이상)액티브,273130,채권/회사채권,13867,106210,20018,-2.16,0.07,삼성자산운용
12,TIGER 미국테크TOP10 INDXX,381170,해외지수/해외지수,13079,11405,1366096,-10.02,0.49,미래에셋자산운용
13,TIGER MSCI Korea TR,310970,시장지수/MSCI Korea Index,12972,14690,481903,-8.96,0.12,미래에셋자산운용
14,TIGER 미국필라델피아반도체나스닥,381180,해외지수/해외지수,11940,10905,1603414,-9.45,0.49,미래에셋자산운용
15,KODEX 2차전지산업,305720,테마/기타,11891,17625,1786826,-21.02,0.45,삼성자산운용
16,TIGER 2차전지테마,305540,테마/기타,11462,18285,1204011,-19.38,0.5,미래에셋자산운용
17,TIGER TOP10,292150,테마/우량주,10826,12220,246420,-9.92,0.15,미래에셋자산운용
19,KODEX 단기채권PLUS,214980,채권/단기자금,10247,103765,247674,0.37,0.15,삼성자산운용
20,KBSTAR 200,148020,시장지수/코스피200,9953,36875,217865,-7.66,0.02,케이비자산운용
21,KODEX 200TR,278530,시장지수/코스피200,9191,12050,802152,-7.84,0.05,삼성자산운용
22,TIGER 200 IT,139260,섹터/IT,8632,33235,216835,-8.62,0.4,미래에셋자산운용
24,KBSTAR 단기통안채,196230,채권/단기자금,7179,105060,356558,0.3,0.13,케이비자산운용
25,HANARO 200,293180,시장지수/코스피200,7133,36690,86443,-7.91,0.04,엔에이치아문디자산운용
26,TIGER 글로벌리튬&2차전지SOLACTIVE(합성),394670,해외지수/해외지수,6799,10010,415209,-12.5,0.49,미래에셋자산운용
27,KINDEX 200,105190,시장지수/코스피200,6586,36975,209694,-7.83,0.09,한국투자신탁운용
28,KODEX 자동차,091180,섹터/경기소비재,6560,17785,339122,-14.82,0.45,삼성자산운용
29,ARIRANG 200,152100,시장지수/코스피200,6394,37440,172576,-7.68,0.04,한화자산운용
30,KODEX 코스닥150,229200,시장지수/코스닥,6378,13100,5377334,-10.3,0.25,삼성자산운용
31,KODEX Top5PlusTR,315930,스타일/스타일,5791,18110,31651,-4.96,0.15,삼성자산운용
32,KINDEX 미국S&P500,360200,해외지수/해외지수,5351,13465,314851,-3.36,0.07,한국투자신탁운용
33,KINDEX 단기통안채,190620,채권/단기자금,4567,100350,13724,0.28,0.07,한국투자신탁운용
34,KODEX K-메타버스액티브,401470,섹터/IT,4531,11045,2279318,-10.96,0.5,삼성자산운용
35,KOSEF 200,069660,시장지수/코스피200,4518,36680,36260,-8.02,0.13,키움투자자산운용
36,TIGER Fn메타버스,400970,섹터/IT,4504,11365,2176197,-6.46,0.45,미래에셋자산운용
37,KOSEF 200TR,294400,시장지수/코스피200,4472,43785,14280,-7.97,0.01,키움투자자산운용
38,KODEX 미국FANG플러스(H),314250,해외지수/해외지수,4438,24310,112018,-15.34,0.45,삼성자산운용
39,TIGER KRX2차전지K-뉴딜,364980,테마/기타,4020,12825,993152,-24.09,0.4,미래에셋자산운용
40,KBSTAR KIS종합채권(A-이상)액티브,385540,채권/회사채권,3966,98045,982,-2.07,0.05,케이비자산운용
41,KINDEX 미국나스닥100,367380,해외지수/해외지수,3788,13055,193013,-9.27,0.07,한국투자신탁운용
42,KODEX 선진국MSCI World,251350,해외지수/해외지수,3733,20600,75029,-2.44,0.3,삼성자산운용
43,KODEX 코스피,226490,시장지수/코스피200,3719,27755,175922,-8.57,0.15,삼성자산운용
44,KODEX 미국S&P500TR,379800,해외지수/해외지수,3713,11745,397748,-3.33,0.05,삼성자산운용
46,TIGER 차이나항셍테크,371160,해외지수/해외지수,3348,6015,1154689,-19.26,0.09,미래에셋자산운용
47,KODEX 미국나스닥100TR,379810,해외지수/해외지수,3177,11170,443610,-9.37,0.05,삼성자산운용
48,SOL 200TR,295040,시장지수/코스피200,3051,12525,201387,-8.04,0.05,신한자산운용
49,KBSTAR ESG사회책임투자,290130,테마/SRI,2981,12365,26027,-5.75,0.3,케이비자산운용
50,KBSTAR Fn수소경제테마,367770,테마/기타,2968,10175,138568,-11.64,0.45,케이비자산운용
51,HANARO MSCI Korea TR,332940,시장지수/MSCI Korea Index,2957,14670,1109,-8.94,0.12,엔에이치아문디자산운용
52,TIGER 단기채권액티브,272580,채권/단기자금,2946,50420,516242,0.35,0.07,미래에셋자산운용
54,TIGER KRX BBIG K-뉴딜,364960,테마/기타,2845,9155,336558,-23.52,0.4,미래에셋자산운용
55,TIGER 미국S&P500선물(H),143850,해외지수/해외지수,2833,51625,84614,-5.46,0.3,미래에셋자산운용
56,KBSTAR KIS단기종합채권(AA-이상)액티브,385550,채권/단기자금,2798,100725,244187,0.48,0.05,케이비자산운용
57,KODEX 은행,091170,섹터/금융,2508,7865,1370755,2.48,0.3,삼성자산운용
58,TIGER 미국달러단기채권액티브,329750,채권/단기자금,2507,10315,107869,2.13,0.3,미래에셋자산운용
59,KODEX 반도체,091160,섹터/IT,2493,36055,169472,-2.92,0.45,삼성자산운용
60,TIGER CD금리투자KIS(합성),357870,채권/단기자금,2466,50695,411,0.28,0.15,미래에셋자산운용
61,KOSEF 국고채10년,148070,채권/국공채권,2393,115605,14130,-3.93,0.15,키움투자자산운용
62,KBSTAR iSelect메타버스,401170,섹터/IT,2341,10530,198795,-9.5,0.45,케이비자산운용
63,TIGER 글로벌자율주행&전기차SOLACTIVE,394660,해외지수/해외지수,2328,10290,183767,-8.78,0.49,미래에셋자산운용
64,HANARO 200 TOP10,407310,시장지수/코스피200,2288,8655,1091,-12.62,0.15,엔에이치아문디자산운용
65,TIGER 여행레저,228800,섹터/경기소비재,2238,5095,1251150,7.49,0.5,미래에셋자산운용
66,KINDEX 200TR,332500,시장지수/코스피200,2207,22515,96154,-7.82,0.03,한국투자신탁운용
68,KINDEX 베트남VN30(합성),245710,해외지수/해외지수,2107,22950,41314,0.81,0.7,한국투자신탁운용
69,KODEX 골드선물(H),132030,상품/금속,2100,13080,186391,7.26,0.68,삼성자산운용
70,ARIRANG 고배당주,161510,스타일/스타일,2043,12800,121696,0.83,0.23,한화자산운용
72,TIGER 글로벌4차산업혁신기술(합성 H),275980,해외지수/해외지수,1986,16880,41639,-11.88,0.4,미래에셋자산운용
73,HANARO 단기채권액티브,390950,채권/단기자금,1974,100540,11402,0.22,0.1,엔에이치아문디자산운용
74,TIGER 미국MSCI리츠(합성 H),182480,해외지수/해외지수,1960,15415,44864,-2.91,0.24,미래에셋자산운용
75,KBSTAR 미국나스닥100,368590,해외지수/해외지수,1960,12660,163990,-9.28,0.02,케이비자산운용
76,KINDEX 중국본토CSI300,168580,해외지수/해외지수,1903,28740,19199,-11.71,0.7,한국투자신탁운용
77,KODEX 배당가치,325020,스타일/스타일,1852,12960,65307,-2.3,0.3,삼성자산운용
78,KBSTAR 코스피,302450,시장지수/코스피200,1811,27865,19411,-7.99,0.14,케이비자산운용
79,KBSTAR IT플러스,326240,섹터/IT,1805,19710,23354,-11.4,0.4,케이비자산운용
80,TIGER 차이나CSI300,192090,해외지수/해외지수,1763,10680,70861,-12.06,0.63,미래에셋자산운용
81,TIGER 헬스케어,143860,섹터/의료,1613,33260,61821,-11.75,0.4,미래에셋자산운용
82,TIGER 리츠부동산인프라,329200,기타/기타,1600,6120,257035,2.18,0.29,미래에셋자산운용
83,KBSTAR 단기국공채액티브,272560,채권/국공채권,1599,102665,51724,0.31,0.07,케이비자산운용
84,KODEX TRF3070,329650,기타/기타,1442,11290,81599,-2.29,0.24,삼성자산운용
85,TIGER 미디어컨텐츠,228810,섹터/경기소비재,1430,9375,402823,-0.9,0.5,미래에셋자산운용
86,KBSTAR KIS국고채30년Enhanced,385560,채권/국공채권,1429,88365,2842,-11.67,0.05,케이비자산운용
87,TIGER 코스닥150,232080,시장지수/코스닥,1423,13350,157450,-10.1,0.19,미래에셋자산운용
88,KODEX WTI원유선물(H),261220,상품/원유,1406,17125,541330,53.04,0.35,삼성자산운용
89,KODEX 미국S&P500선물(H),219480,해외지수/해외지수,1406,21260,52873,-5.49,0.25,삼성자산운용
90,KBSTAR 코스닥150,270810,시장지수/코스닥,1406,13125,33919,-10.13,0.18,케이비자산운용
91,TIGER 반도체,091230,섹터/IT,1388,37130,66370,-2.9,0.46,미래에셋자산운용
92,KODEX 차이나항셍테크,372330,해외지수/해외지수,1345,6070,274843,-19.01,0.12,삼성자산운용
93,KBSTAR 미국S&P500,379780,해외지수/해외지수,1344,11650,161560,-3.32,0.02,케이비자산운용
95,TIGER 현대차그룹+펀더멘털,138540,그룹주/현대차,1337,21940,30740,-10.83,0.15,미래에셋자산운용
97,KODEX 국고채3년,114260,채권/국공채권,1331,57370,5977,-0.68,0.15,삼성자산운용
98,HANARO 200TR,332930,시장지수/코스피200,1317,43810,23290,-8.01,0.03,엔에이치아문디자산운용
99,TIGER 중국소비테마,150460,해외지수/해외지수,1287,7595,24143,-2.88,0.5,미래에셋자산운용
100,KOSEF 단기자금,130730,채권/단기자금,1281,101205,89605,0.37,0.15,키움투자자산운용
101,ARIRANG ESG가치주액티브,395750,테마/SRI,1193,8895,114389,-6.57,0.11,한화자산운용
102,KINDEX 미국WideMoat가치주,309230,해외지수/해외지수,1176,17820,45446,-0.64,0.4,한국투자신탁운용
103,KODEX 단기변동금리부채권액티브,273140,채권/단기자금,1144,103280,33228,0.41,0.15,삼성자산운용
104,KBSTAR Fn5G테크,367760,섹터/IT,1080,9720,41594,-9.16,0.45,케이비자산운용
105,TIGER 200 건설,139220,섹터/산업재,1079,3075,367223,-0.16,0.4,미래에셋자산운용
106,ARIRANG 코스피TR,328370,시장지수/코스피200,1059,13935,27193,-8.59,0.15,한화자산운용
107,KODEX 미국나스닥100레버리지(합성 H),409820,해외지수/해외지수,1050,7175,745767,-23.63,0.3,삼성자산운용
109,SOL KIS단기통안채,363510,채권/단기자금,1025,100810,1814,0.25,0.07,신한자산운용
110,KODEX 장기종합채권(AA-이상)액티브KAP,363570,채권/회사채권,1022,91670,47,-4.65,0.07,삼성자산운용
111,HANARO e커머스,322400,테마/기타,1006,16880,13443,-4.95,0.45,엔에이치아문디자산운용
112,KODEX 유럽탄소배출권선물ICE(H),400570,해외지수/해외지수,1005,12705,229554,-6.31,0.64,삼성자산운용
114,TIGER 코스피,277630,시장지수/코스피200,982,28045,46329,-8.33,0.15,미래에셋자산운용
115,KODEX 은선물(H),144600,상품/금속,924,5190,276857,12.83,0.68,삼성자산운용
116,KODEX 미국나스닥100선물(H),304940,해외지수/해외지수,922,17840,50535,-11.24,0.45,삼성자산운용
118,TIGER 미국다우존스30,245340,해외지수/해외지수,908,20880,31878,-1.9,0.35,미래에셋자산운용
120,KODEX 차이나CSI300,283580,해외지수/해외지수,904,13085,32446,-11.71,0.12,삼성자산운용
121,KODEX 미국달러선물,261240,통화/미국달러,895,10710,149968,2.59,0.25,삼성자산운용
122,TIGER KRX바이오K-뉴딜,364970,섹터/의료,883,7435,657733,-19.18,0.4,미래에셋자산운용
123,KODEX Fn성장,325010,스타일/스타일,880,15710,92803,-10.54,0.3,삼성자산운용
126,KODEX 200IT TR,363580,섹터/IT,841,12505,8055,-8.89,0.15,삼성자산운용
127,TIGER 소프트웨어,157490,섹터/IT,840,14510,85150,-14.62,0.4,미래에셋자산운용
128,TIGER 미국채10년선물,305080,해외지수/해외지수,830,11730,62208,-3.5,0.29,미래에셋자산운용
129,KODEX 건설,117700,섹터/산업재,830,3460,491675,0.73,0.45,삼성자산운용
130,TIGER 경기방어,139280,섹터/경기소비재,820,10175,5944,-7.96,0.4,미래에셋자산운용
131,TIGER 유로스탁스50(합성 H),195930,해외지수/해외지수,783,13305,74848,-6.83,0.24,미래에셋자산운용
132,KODEX 한국대만IT프리미어,298770,기타/기타,759,19455,29433,-5.31,0.55,삼성자산운용
134,ARIRANG 신흥국MSCI(합성 H),195980,해외지수/해외지수,737,10590,38006,-9.14,0.5,한화자산운용
135,KBSTAR 고배당,266160,스타일/스타일,721,12645,29256,0.16,0.2,케이비자산운용
136,TIGER 차이나HSCEI,245360,해외지수/해외지수,718,9350,73967,-7.8,0.35,미래에셋자산운용
137,KODEX K-신재생에너지액티브,385510,테마/녹색성장,704,10500,61799,-11.73,0.5,삼성자산운용
138,KODEX K-미래차액티브,385520,테마/기타,678,10095,48979,-8.14,0.5,삼성자산운용
139,KBSTAR 중국본토대형주CSI100,174360,해외지수/해외지수,673,19480,4783,-10.97,0.65,케이비자산운용
140,TIGER 200 중공업,139230,섹터/산업재,672,3160,574372,-1.4,0.4,미래에셋자산운용
141,TIGER 중장기국채,302190,채권/국공채권,663,50260,2118,-2.38,0.15,미래에셋자산운용
142,TIGER 국채3년,114820,채권/국공채권,652,108635,1874,-0.64,0.15,미래에셋자산운용
143,KBSTAR Fn컨택트대표,388280,그룹주/기타,639,9425,30031,0.91,0.45,케이비자산운용
145,KINDEX 미국친환경그린테마INDXX,391600,해외지수/해외지수,633,9940,47995,-0.2,0.7,한국투자신탁운용
146,TIMEFOLIO Kstock액티브,385720,시장지수/코스피200,628,9520,27284,-7.8,0.8,타임폴리오자산운용
147,TIGER 차이나클린에너지SOLACTIVE,396510,해외지수/해외지수,623,10090,42348,-3.58,0.49,미래에셋자산운용
148,TIGER 차이나바이오테크SOLACTIVE,371470,해외지수/해외지수,620,8140,41847,-19.6,0.49,미래에셋자산운용
149,TIGER 200TR,310960,시장지수/코스피200,609,19630,137187,-7.97,0.09,미래에셋자산운용
150,TIGER 퓨처모빌리티액티브,387280,테마/기타,608,10050,51197,-13.62,0.77,미래에셋자산운용
151,KODEX 미국반도체MV,390390,해외지수/해외지수,607,10825,77246,-9.57,0.45,삼성자산운용
153,KOSEF 인도Nifty50(합성),200250,해외지수/해외지수,597,18630,36026,3.64,0.49,키움투자자산운용
155,KODEX 차이나H,099140,해외지수/해외지수,578,16135,19617,-8.25,0.12,삼성자산운용
156,KBSTAR 중기우량회사채,136340,채권/회사채권,572,104125,5030,-0.46,0.07,케이비자산운용
157,TIGER 화장품,228790,섹터/경기소비재,570,2720,568441,-4.39,0.5,미래에셋자산운용
158,TIGER 글로벌BBIG액티브,387270,해외지수/해외지수,566,10630,29934,-11.86,0.55,미래에셋자산운용
159,KBSTAR 대형고배당10TR,315960,스타일/스타일,539,15195,10811,-6.69,0.15,케이비자산운용
160,KBSTAR 게임테마,300640,테마/기타,533,16880,51491,-18.59,0.3,케이비자산운용
161,TIGER Fn반도체TOP10,396500,섹터/IT,530,9475,314422,-2.92,0.45,미래에셋자산운용
162,TIGER KRX인터넷K-뉴딜,365000,섹터/IT,527,9300,94601,-16.7,0.4,미래에셋자산운용
163,KODEX 철강,117680,섹터/소재,515,8965,285753,3.52,0.45,삼성자산운용
165,KODEX 삼성그룹밸류,213610,그룹주/삼성,508,8755,168811,-5.86,0.15,삼성자산운용
166,HANARO Fn K-뉴딜디지털플러스,368190,테마/기타,504,9695,4508,-19.04,0.45,엔에이치아문디자산운용
170,HANARO 글로벌럭셔리S&P(합성),354350,해외지수/해외지수,493,16755,17897,-12.83,0.5,엔에이치아문디자산운용
171,TIGER 리츠부동산인프라채권TR KIS,341850,기타/기타,492,5785,29645,0.88,0.22,미래에셋자산운용
172,TIGER 글로벌클라우드컴퓨팅INDXX,371450,해외지수/해외지수,488,8875,33075,-18.95,0.49,미래에셋자산운용
173,KINDEX 인도네시아MSCI(합성),256440,해외지수/해외지수,480,10235,18982,11.98,0.7,한국투자신탁운용
174,KODEX 차이나심천ChiNext(합성),256750,해외지수/해외지수,479,12540,14438,-19.2,0.47,삼성자산운용
175,KODEX 증권,102970,섹터/금융,479,7855,63795,-4.79,0.45,삼성자산운용
176,KODEX 200ESG,337160,테마/SRI,470,13450,9945,-6.08,0.3,삼성자산운용
177,TIGER 원유선물Enhanced(H),130680,상품/원유,466,5140,427324,51.85,0.69,미래에셋자산운용
178,KOSEF 통안채1년,122260,채권/국공채권,466,101335,67449,0.28,0.15,키움투자자산운용
179,KODEX KRX300,292190,시장지수/KRX300,461,17075,17189,-7.9,0.05,삼성자산운용
180,SOL 글로벌탄소배출권선물IHS(합성),400590,해외지수/해외지수,443,11690,78684,-6.33,0.55,신한자산운용
181,ARIRANG 미국S&P500(H),269540,해외지수/해외지수,442,18470,16349,-4.37,0.3,한화자산운용
182,KODEX 미디어&엔터테인먼트,266360,섹터/IT,436,20705,17335,-16.28,0.45,삼성자산운용
183,KBSTAR 200TR,361580,시장지수/코스피200,436,18930,10721,-7.77,0.01,케이비자산운용
184,KOSEF 릭소글로벌퓨처모빌리티MSCI,394350,해외지수/해외지수,425,10320,14656,-12.24,0.31,키움투자자산운용
185,KODEX 미국S&P고배당커버드콜(합성 H),276970,파생상품/구조화,424,10115,21589,-2.39,0.3,삼성자산운용
188,KINDEX 국고채3년,114460,채권/국공채권,408,104715,6405,-0.65,0.15,한국투자신탁운용
189,KODEX 바이오,244580,섹터/의료,408,10470,72773,-19.28,0.45,삼성자산운용
192,KINDEX 종합채권(AA-이상)KIS액티브,356540,채권/회사채권,399,96360,791,-1.89,0.02,한국투자신탁운용
193,KBSTAR 금융채액티브,336160,채권/회사채권,398,102030,1201,-0.5,0.07,케이비자산운용
194,TIGER 미국나스닥바이오,203780,해외지수/해외지수,395,18205,12543,-10.58,0.3,미래에셋자산운용
195,TIGER 탄소효율그린뉴딜,376410,테마/녹색성장,395,8970,8202,-7.72,0.09,미래에셋자산운용
196,ARIRANG ESG성장주액티브,395760,테마/SRI,390,8745,55946,-8.38,0.11,한화자산운용
198,KBSTAR 미국S&P원유생산기업(합성 H),219390,해외지수/해외지수,375,5595,225309,29.66,0.25,케이비자산운용
199,KOSEF 국고채3년,114470,채권/국공채권,364,110285,888,-0.7,0.15,키움투자자산운용
200,KODEX 코스피TR,359210,시장지수/코스피200,357,12720,5996,-8.55,0.07,삼성자산운용
201,KINDEX 삼성그룹섹터가중,108450,그룹주/삼성,357,14880,221717,-10.31,0.15,한국투자신탁운용
202,KOSEF 미국달러선물,138230,통화/미국달러,354,12660,15459,2.43,0.37,키움투자자산운용
203,KODEX 고배당,279530,스타일/스타일,352,10345,19219,1.97,0.3,삼성자산운용
204,TIGER 농산물선물Enhanced(H),137610,상품/농산물,351,8150,60550,22.28,0.69,미래에셋자산운용
205,KBSTAR 내수주플러스,326230,섹터/경기소비재,347,9350,2620,-5.98,0.4,케이비자산운용
207,KODEX IT,266370,섹터/IT,343,19045,15953,-9.35,0.45,삼성자산운용
208,KODEX KRX기후변화솔루션,404260,테마/녹색성장,336,8820,3742,-11.27,0.09,삼성자산운용
209,TIGER 코스피고배당,210780,스타일/스타일,331,15565,36211,-0.19,0.29,미래에셋자산운용
210,HANARO 코스닥150,304770,시장지수/코스닥,330,13110,2431,-10.17,0.2,엔에이치아문디자산운용
211,TIGER KRX기후변화솔루션,404540,테마/녹색성장,324,8880,7751,-11.2,0.09,미래에셋자산운용
212,KODEX 탄소효율그린뉴딜,375770,테마/녹색성장,324,8980,5813,-7.61,0.09,삼성자산운용
214,TIGER 골드선물(H),319640,상품/금속,323,13985,27519,7.21,0.39,미래에셋자산운용
215,HANARO Fn전기&수소차,381560,테마/기타,321,8120,33673,-16.07,0.45,엔에이치아문디자산운용
216,에셋플러스 글로벌플랫폼액티브,407830,해외지수/해외지수,320,7280,51235,-15.4,0.99,에셋플러스자산운용
217,KODEX 200미국채혼합,284430,기타/기타,312,12665,17403,-4.92,0.35,삼성자산운용
218,TIGER 200 헬스케어,227540,섹터/의료,310,20350,22008,-12.42,0.4,미래에셋자산운용
219,KODEX 국채선물10년,152380,채권/국공채권,307,66405,1821,-4.17,0.25,삼성자산운용
220,ARIRANG 미국나스닥테크,287180,해외지수/해외지수,304,22435,12644,-11.57,0.5,한화자산운용
221,KINDEX 친환경자동차밸류체인액티브,385600,테마/기타,303,9450,5925,-14.36,0.5,한국투자신탁운용
222,KODEX 미국S&P에너지(합성),218420,해외지수/해외지수,301,10300,86457,35.79,0.25,삼성자산운용
223,KINDEX ESG액티브,385590,테마/SRI,294,8675,3541,-7.71,0.5,한국투자신탁운용
224,ARIRANG 우량회사채50 1년,239660,채권/회사채권,283,108945,6068,0.23,0.14,한화자산운용
225,KODEX 미국채울트라30년선물(H),304660,해외지수/해외지수,281,11275,24828,-11.43,0.3,삼성자산운용
226,KODEX 차이나A50,169950,해외지수/해외지수,281,20210,3784,-12.05,0.12,삼성자산운용
227,KBSTAR 글로벌4차산업IT(합성 H),276650,해외지수/해외지수,281,21595,3465,-13.08,0.4,케이비자산운용
228,ARIRANG 미국장기우량회사채,332620,채권/회사채권,276,92360,1258,-12.23,0.32,한화자산운용
229,KODEX 미국러셀2000(H),280930,해외지수/해외지수,275,13420,11777,-4.11,0.45,삼성자산운용
230,KODEX 코스피대형주,337140,스타일/스타일,273,12960,5755,-8.31,0.15,삼성자산운용
232,KINDEX 미국다우존스리츠(합성 H),181480,기타/기타,269,96245,1153,-5.65,0.3,한국투자신탁운용
233,TIGER 차이나반도체FACTSET,396520,해외지수/해외지수,269,8350,22419,-12.24,0.49,미래에셋자산운용
234,TIGER 구리실물,160580,상품/금속,266,11295,21599,11.45,0.83,미래에셋자산운용
235,TIGER S&P글로벌헬스케어(합성),248270,해외지수/해외지수,263,18745,5000,-1.03,0.4,미래에셋자산운용
236,KODEX 헬스케어,266420,섹터/의료,262,14420,18082,-12.71,0.45,삼성자산운용
237,KBSTAR 중장기국공채액티브,272570,채권/국공채권,259,101515,86,-1.53,0.07,케이비자산운용
238,KODEX 배당성장,211900,스타일/스타일,259,14790,19752,-4.43,0.15,삼성자산운용
240,ARIRANG 미국다우존스고배당주(합성 H),213630,해외지수/해외지수,256,16785,12706,5.4,0.4,한화자산운용
241,KINDEX 미국고배당S&P,402970,해외지수/해외지수,249,10435,40661,1.61,0.5,한국투자신탁운용
242,TIGER AI코리아그로스액티브,365040,시장지수/코스피200,246,12285,5799,-8.59,0.4,미래에셋자산운용
243,SOL 200 Top10,411540,시장지수/코스피200,245,8745,4777,-12.55,0.15,신한자산운용
244,파워 200,152870,시장지수/코스피200,245,37630,485,-7.68,0.15,교보악사자산운용
245,TIGER KRX게임K-뉴딜,364990,섹터/IT,243,9530,131678,-23.02,0.4,미래에셋자산운용
246,TIGER Fn신재생에너지,377990,테마/녹색성장,242,9140,34521,-5.92,0.5,미래에셋자산운용
247,HANARO Fn K-POP&미디어,395290,섹터/경기소비재,241,10045,16204,-1.42,0.45,엔에이치아문디자산운용
248,TIMEFOLIO BBIG액티브,385710,테마/기타,241,9275,6944,-17.26,0.8,타임폴리오자산운용
249,SOL 미국S&P500ESG,399110,해외지수/해외지수,240,10415,20495,-2.8,0.15,신한자산운용
250,HANARO Fn K-게임,395280,섹터/IT,238,7810,29235,-21.74,0.45,엔에이치아문디자산운용
252,KBSTAR 비메모리반도체액티브,388420,섹터/IT,236,10275,66185,-4.46,0.5,케이비자산운용
253,KINDEX 아시아TOP50S&P,277540,해외지수/해외지수,235,13030,3560,-7.59,0.7,한국투자신탁운용
254,TIGER 200 금융,139270,섹터/금융,234,7220,68185,1.19,0.4,미래에셋자산운용
255,KODEX 운송,140710,섹터/산업재,233,6300,92445,6.87,0.45,삼성자산운용
256,KBSTAR 국고채3년,114100,채권/국공채권,233,110925,738,-0.62,0.12,케이비자산운용
257,ARIRANG 미국단기우량회사채,332610,채권/회사채권,230,100160,167,0.56,0.32,한화자산운용
258,KODEX TRF7030,329670,기타/기타,225,13265,6510,-2.39,0.1,삼성자산운용
259,HANARO 고배당,322410,스타일/스타일,224,11480,7068,0.26,0.25,엔에이치아문디자산운용
260,KODEX TRF5050,329660,기타/기타,220,12230,7335,-3.05,0.17,삼성자산운용
261,KODEX Fn시스템반도체,395160,섹터/IT,220,9130,52613,-8.38,0.45,삼성자산운용
262,TIGER 삼성그룹펀더멘털,138520,그룹주/삼성,219,11080,8775,-5.94,0.15,미래에셋자산운용
264,KTOP 코스피50,168300,시장지수/코스피50,215,25685,181,-8.92,0.3,하나유비에스자산운용
266,KODEX 배당성장채권혼합,237370,기타/기타,213,11855,5503,-1.08,0.19,삼성자산운용
267,ARIRANG 코스피,227830,시장지수/코스피200,213,28425,8032,-8.41,0.2,한화자산운용
268,TIGER K게임,300610,테마/기타,213,14690,55944,-18.25,0.5,미래에셋자산운용
269,TIGER 200 에너지화학,139250,섹터/소재,207,16430,35140,-14.23,0.4,미래에셋자산운용
272,KOSEF 코스피100,153270,시장지수/코스피100,194,27680,1930,-8.33,0.2,키움자산운용
274,KODEX 미국나스닥100선물인버스(H),409810,해외지수/해외지수,192,11290,225522,9.88,0.3,삼성자산운용
275,KODEX 에너지화학,117460,섹터/소재,190,16000,30722,-14.21,0.45,삼성자산운용
276,KODEX 다우존스미국리츠(H),352560,기타/기타,190,14590,14877,-4.48,0.3,삼성자산운용
277,FOCUS KRX300,292730,시장지수/KRX300,189,17095,107,-7.77,0.1,브이아이자산운용
278,TIGER KRX300,292160,시장지수/KRX300,187,17055,3821,-7.39,0.09,미래에셋자산운용
279,TIGER MSCI KOREA ESG리더스,289260,시장지수/MSCI Korea Index,187,10195,1932,-8.4,0.4,미래에셋자산운용
280,KINDEX 코스닥150,354500,시장지수/코스닥,186,13245,1725,-10.26,0.02,한국투자신탁운용
281,KODEX 글로벌4차산업로보틱스(합성),276990,해외지수/해외지수,181,16730,4881,-12.52,0.3,삼성자산운용
282,SOL 유럽탄소배출권선물S&P(H),400580,해외지수/해외지수,178,12695,42144,-6.34,0.55,신한자산운용
283,KODEX 보험,140700,섹터/금융,175,6985,97012,5.35,0.45,삼성자산운용
285,KINDEX KRX금현물,411060,상품/금속,174,10940,223062,8.75,0.5,한국투자신탁운용
286,HANARO 글로벌탄소배출권선물ICE(합성),401590,해외지수/해외지수,173,11560,44905,-5.36,0.5,엔에이치아문디자산운용
287,KODEX 코스피100,237350,시장지수/코스피100,169,28205,4382,-8.01,0.15,삼성자산운용
288,ARIRANG 단기채권액티브,278620,채권/단기자금,168,106370,154,0.24,0.13,한화자산운용
289,KODEX 200가치저변동,223190,스타일/스타일,168,10460,3946,-4.43,0.3,삼성자산운용
290,KOSEF 코스닥150,316670,시장지수/코스닥,167,6510,4088,-11.19,0.15,키움투자자산운용
291,KODEX MSCI KOREA ESG유니버설,289040,시장지수/MSCI Korea Index,166,11015,2024,-7.51,0.3,삼성자산운용
292,KODEX 게임산업,300950,테마/기타,165,12675,37363,-23.94,0.45,삼성자산운용
293,KODEX 200롱코스닥150숏선물,360140,기타/기타,165,10455,2384,0.24,0.64,삼성자산운용
295,TIGER 글로벌자원생산기업(합성 H),276000,해외지수/해외지수,157,16525,9164,20.05,0.4,미래에셋자산운용
296,KOSEF Fn중소형,331910,스타일/스타일,157,23740,2023,2.11,0.3,키움투자자산운용
297,TIGER 유로스탁스배당30,245350,해외지수/해외지수,156,12075,9518,-5.82,0.35,미래에셋자산운용
298,KODEX 구리선물(H),138910,상품/금속,155,8680,36442,9.73,0.68,삼성자산운용
299,KODEX S&P글로벌인프라(합성),269420,해외지수/해외지수,154,13255,12673,7.02,0.26,삼성자산운용
301,HANARO KRX300,304760,시장지수/KRX300,151,16820,685,-7.92,0.05,엔에이치아문디자산운용
302,TIGER 은행,091220,섹터/금융,150,8230,66787,2.75,0.46,미래에셋자산운용
304,KODEX 미국채10년선물,308620,해외지수/해외지수,149,11505,10232,-2.95,0.3,삼성자산운용
305,TIGER 단기선진하이일드(합성 H),182490,해외지수/해외지수,147,12270,1330,-1.76,0.24,미래에셋자산운용
306,에셋플러스 코리아플랫폼액티브,407820,테마/기타,147,9135,19545,-8.42,0.98,에셋플러스자산운용
307,KBSTAR 채권혼합,183700,기타/기타,146,60875,85,-2.59,0.2,케이비자산운용
308,TIMEFOLIO 탄소중립액티브,404120,테마/녹색성장,146,8560,16435,-11.39,0.8,타임폴리오자산운용
310,FOCUS ESG리더스,285690,테마/SRI,146,10765,287,-3.32,0.1,브이아이자산운용
311,KODEX 3대농산물선물(H),271060,상품/농산물,144,14585,36361,31.51,0.55,삼성자산운용
312,TIGER 일본니케이225,241180,해외지수/해외지수,144,16155,6666,-8.62,0.35,미래에셋자산운용
313,KBSTAR V&S셀렉트밸류채권혼합,241390,기타/기타,143,11940,7089,-2.53,0.23,케이비자산운용
314,TIGER LG그룹+펀더멘털,138530,그룹주/LG,143,9770,14354,-7.7,0.15,미래에셋자산운용
315,ARIRANG 국채선물3년,298340,채권/국공채권,142,53060,4496,-0.61,0.1,한화자산운용
316,KODEX 기계장비,102960,섹터/산업재,142,5300,33723,-7.02,0.45,삼성자산운용
317,KODEX 필수소비재,266410,섹터/필수소비재,141,7825,31216,-8.0,0.45,삼성자산운용
318,KINDEX 일본Nikkei225(H),238720,해외지수/해외지수,140,17640,9431,-6.52,0.3,한국투자신탁운용
320,KODEX 코스닥150롱코스피200숏선물,360150,기타/기타,133,8830,334,-0.79,0.64,삼성자산운용
321,TIGER MSCI KOREA ESG유니버설,289250,시장지수/MSCI Korea Index,133,10985,972,-8.49,0.4,미래에셋자산운용
322,KINDEX 국고채10년,365780,채권/국공채권,132,91800,663,-3.89,0.02,한국투자신탁운용
325,TIGER 배당성장,211560,스타일/스타일,127,18355,10710,-3.97,0.15,미래에셋자산운용
326,KODEX 미국스마트모빌리티S&P,390400,해외지수/해외지수,126,7835,10825,-15.11,0.45,삼성자산운용
327,KODEX Fn웹툰&드라마,395150,테마/기타,125,8890,24750,-5.63,0.45,삼성자산운용
329,HANARO Fn5G산업,367740,섹터/IT,124,13085,6995,-2.68,0.45,엔에이치아문디자산운용
330,KINDEX 미국IT인터넷S&P(합성 H),280320,해외지수/해외지수,124,15230,3171,-21.07,0.5,한국투자신탁운용
331,파워 코스피100,140950,시장지수/코스피100,124,28135,187,-8.0,0.16,교보악사자산운용
332,KODEX 미국S&P산업재(합성),200030,해외지수/해외지수,124,21615,3877,-0.02,0.25,삼성자산운용
333,ARIRANG 고배당주채권혼합,251600,기타/기타,123,11190,6412,-0.09,0.2,한화자산운용
334,KBSTAR 200IT,285000,섹터/IT,122,14860,14750,-8.38,0.19,케이비자산운용
335,ARIRANG 코스피50,122090,시장지수/코스피50,122,25365,3635,-9.22,0.33,한화자산운용
336,SOL KRX300,292500,시장지수/KRX300,120,17050,4105,-7.56,0.05,신한자산운용
338,TIGER 우량가치,227570,테마/우량주,119,11655,6523,-2.26,0.4,미래에셋자산운용
339,KODEX Fn K-뉴딜디지털플러스,368680,테마/기타,117,9710,8304,-18.91,0.09,삼성자산운용
340,KBSTAR 헬스케어채권혼합,253290,기타/기타,116,11610,6954,-3.81,0.35,케이비자산운용
341,KODEX 최소변동성,279540,투자전략/투자전략,116,11490,647,-5.39,0.3,삼성자산운용
342,KODEX KTOP30,229720,테마/우량주,115,19110,1098,-11.14,0.25,삼성자산운용
344,KODEX 200exTOP,337150,시장지수/코스피200,113,12490,13,-7.55,0.3,삼성자산운용
345,KBSTAR KRX300,292050,시장지수/KRX300,112,17250,2110,-7.66,0.05,케이비자산운용
346,KINDEX 밸류대형,143460,투자전략/투자전략,112,9330,14729,-4.16,0.15,한국투자신탁운용
348,KINDEX 중장기국공채액티브,272910,채권/국공채권,112,98900,34,-1.36,0.08,한국투자신탁운용
349,KOSEF 블루칩,104520,테마/우량주,111,9290,1030,-6.07,0.4,키움투자자산운용
350,ARIRANG 고배당저변동50,251590,투자전략/투자전략,111,11690,5188,2.54,0.23,한화자산운용
352,KINDEX 싱가포르리츠,316300,해외지수/해외지수,111,12355,1490,1.98,0.4,한국투자신탁운용
353,KBSTAR 글로벌클린에너지S&P,399580,해외지수/해외지수,110,9205,8071,0.71,0.4,케이비자산운용
354,ARIRANG 국채선물10년,289670,채권/국공채권,110,53890,653,-4.14,0.13,한화자산운용
358,HANARO Fn K-메타버스MZ,402460,섹터/IT,108,10790,20825,-7.58,0.45,엔에이치아문디자산운용
360,HANARO Fn K-반도체,395270,섹터/IT,107,9770,33571,-4.54,0.45,엔에이치아문디자산운용
361,HANARO 탄소효율그린뉴딜,375760,테마/녹색성장,107,8930,1407,-8.03,0.2,엔에이치아문디자산운용
362,TIGER 코스닥150바이오테크,261070,시장지수/코스닥,107,9365,10016,-14.36,0.4,미래에셋자산운용
363,TIGER 일본TOPIX헬스케어(합성),248260,해외지수/해외지수,107,10740,519,-2.67,0.4,미래에셋자산운용
365,KBSTAR KQ고배당,270800,스타일/스타일,104,14870,2495,-2.72,0.3,케이비자산운용
366,KOSEF KRX100,100910,시장지수/KRX100,104,5760,1417,-8.43,0.23,키움투자자산운용
367,KOSEF 고배당,104530,스타일/스타일,103,9855,8910,0.77,0.4,키움투자자산운용
370,ARIRANG KRX300,292750,시장지수/KRX300,102,17040,439,-7.99,0.09,한화자산운용
371,마이다스 KoreaStock액티브,403790,시장지수/코스피200,102,19325,1474,-7.09,0.62,마이다스에셋자산운용
372,KODEX 콩선물(H),138920,상품/농산물,102,14625,8492,32.11,0.68,삼성자산운용
373,TIGER 200 철강소재,139240,섹터/소재,101,9190,20419,2.68,0.4,미래에셋자산운용
375,TIGER 일본TOPIX(합성 H),195920,해외지수/해외지수,100,15555,2110,-5.12,0.24,미래에셋자산운용
376,KODEX 모멘텀Plus,244620,투자전략/투자전략,100,12460,8369,-4.12,0.3,삼성자산운용
379,TREX 펀더멘탈 200,145850,투자전략/투자전략,98,39125,7,-3.61,0.34,유리자산운용
380,KODEX TSE일본리츠(H),352540,기타/기타,98,12330,390,-6.02,0.3,삼성자산운용
381,KBSTAR 중국MSCI China(H),310080,해외지수/해외지수,98,9370,3072,-14.0,0.6,케이비자산운용
382,KODEX 혁신기술테마액티브,364690,테마/기타,97,12030,6300,-8.86,0.3,삼성자산운용
383,KODEX 일본TOPIX100,101280,해외지수/해외지수,95,16090,1764,-5.8,0.37,삼성자산운용
385,TREX 200,108590,시장지수/코스피200,95,37790,525,-7.37,0.33,유리자산운용
386,KINDEX 미국스팩&IPO INDXX,391590,해외지수/해외지수,94,7830,3319,-17.06,0.7,한국투자신탁운용
387,KINDEX 스마트로우볼,322130,투자전략/투자전략,94,15640,4045,-6.46,0.19,한국투자신탁운용
389,KBSTAR 미국고정배당우선증권ICE TR,354240,해외지수/해외지수,91,10090,3833,-6.31,0.5,케이비자산운용
390,KOSEF 미국방어배당성장나스닥,373790,해외지수/해외지수,90,12875,42131,1.82,0.4,키움투자자산운용
391,MASTER 테크미디어텔레콤액티브,407160,테마/기타,90,9470,7808,-7.7,0.45,메리츠자산운용
392,KINDEX 멕시코MSCI(합성),291130,해외지수/해외지수,89,11120,542,9.66,0.5,한국투자신탁운용
395,TIGER 금속선물(H),139310,상품/금속,88,8785,16417,24.61,0.69,미래에셋자산운용
396,TIGER 200커뮤니케이션서비스,315270,시장지수/코스피200,87,26955,4509,-13.58,0.4,미래에셋자산운용
397,ARIRANG 글로벌MSCI(합성 H),189400,해외지수/해외지수,86,16625,700,-7.33,0.4,한화자산운용
398,KODEX MSCI Korea,156080,시장지수/MSCI Korea Index,85,17095,979,-8.04,0.15,삼성자산운용
399,KBSTAR 차이나HSCEI(H),250730,해외지수/해외지수,85,8575,3737,-9.93,0.4,케이비자산운용
400,KINDEX 스마트밸류,272230,투자전략/투자전략,85,14205,1294,-6.64,0.19,한국투자신탁운용
401,KODEX MSCI밸류,275290,시장지수/MSCI Korea Index,85,12185,691,-4.09,0.3,삼성자산운용
402,HANARO Fn골프테마,407300,테마/기타,85,8895,13268,-3.89,0.45,엔에이치아문디자산운용
403,KODEX 밸류Plus,244670,투자전략/투자전략,84,9385,10815,-0.79,0.3,삼성자산운용
404,마이다스 200커버드콜5%OTM,137930,파생상품/구조화,83,13825,16,-6.43,0.37,마이다스에셋자산운용
405,KBSTAR 5대그룹주,105780,그룹주/기타,83,6925,7553,-12.18,0.4,케이비자산운용
408,KBSTAR 차이나항셍테크,371150,해외지수/해외지수,82,6060,40210,-18.82,0.14,케이비자산운용
409,TIGER 우선주,261140,투자전략/투자전략,82,12105,4002,-9.99,0.29,미래에셋자산운용
410,TIGER 금은선물(H),139320,상품/금속,82,10200,6686,7.59,0.69,미래에셋자산운용
411,KINDEX 삼성그룹동일가중,131890,그룹주/삼성,82,16370,267,-5.07,0.15,한국투자신탁운용
412,HANARO Fn친환경에너지,381570,테마/녹색성장,82,9595,3575,-9.57,0.45,엔에이치아문디자산운용
413,KBSTAR 주식혼합,183710,기타/기타,81,40385,19,-5.55,0.25,케이비자산운용
414,KINDEX 스마트하이베타,322150,투자전략/투자전략,81,13505,139,-8.22,0.19,한국투자신탁운용
416,MASTER 스마트커머스액티브,407170,테마/기타,79,9320,4753,-4.7,0.45,메리츠자산운용
417,KINDEX 코스닥(합성),251890,시장지수/코스닥,79,13170,259,-8.03,0.3,한국투자신탁운용
418,KODEX 200 중소형,226980,스타일/스타일,79,13120,2258,-4.23,0.3,삼성자산운용
419,KODEX Fn멀티팩터,337120,투자전략/투자전략,79,13160,1442,-6.37,0.3,삼성자산운용
420,FOCUS 혁신기업액티브,402520,테마/기타,79,8715,575,-9.41,0.66,브이아이자산운용
421,TIGER 로우볼,174350,투자전략/투자전략,79,12285,5216,0.45,0.4,미래에셋자산운용
422,마이티 코스피100,159800,시장지수/코스피100,79,27980,58,-7.6,0.39,DB자산운용
423,ARIRANG KS밸류가중TR,333970,투자전략/투자전략,78,15660,2254,-3.39,0.25,한화자산운용
424,KBSTAR Fn K-뉴딜디지털플러스,368200,테마/기타,78,9715,846,-19.04,0.09,케이비자산운용
426,KODEX 미국S&P바이오(합성),185680,해외지수/해외지수,77,23590,2627,-17.46,0.25,삼성자산운용
427,KBSTAR 글로벌데이터센터리츠나스닥(합성),375270,해외지수/해외지수,76,11680,3062,-8.14,0.4,케이비자산운용
428,TIGER 경기방어채권혼합,237440,기타/기타,75,9360,3981,-2.8,0.2,미래에셋자산운용
429,파워 고배당저변동성,192720,스타일/스타일,75,30900,192,0.65,0.23,교보악사자산운용
430,ARIRANG 심천차이넥스트(합성),256450,해외지수/해외지수,74,12185,1094,-21.31,0.5,한화자산운용
431,KINDEX Fn성장소비주도주,226380,투자전략/투자전략,74,7380,518,-3.91,0.5,한국투자신탁운용
432,KODEX MSCI퀄리티,275300,시장지수/MSCI Korea Index,74,9210,7351,-11.74,0.3,삼성자산운용
434,KBSTAR KRX300미국달러선물혼합,319870,기타/기타,73,14640,994,-6.03,0.3,케이비자산운용
436,KBSTAR V&S셀렉트밸류,234310,투자전략/투자전략,73,14485,333,-5.6,0.3,케이비자산운용
437,TIGER 의료기기,307510,섹터/의료,71,17780,2918,-9.4,0.5,미래에셋자산운용
438,KODEX 퀄리티Plus,244660,투자전략/투자전략,71,10155,6185,-2.73,0.3,삼성자산운용
439,KBSTAR KRX기후변화솔루션,403990,테마/녹색성장,71,8840,599,-11.24,0.3,케이비자산운용
440,SOL KRX기후변화솔루션,404650,테마/녹색성장,71,8790,611,-11.7,0.15,신한자산운용
441,KODEX 200동일가중,252650,시장지수/코스피200,70,11720,561,-3.5,0.25,삼성자산운용
442,TIGER S&P글로벌인프라(합성),269370,해외지수/해외지수,70,11720,956,6.73,0.4,미래에셋자산운용
443,TIGER 일본엔선물,292560,통화/기타통화,70,9990,2152,-2.3,0.25,미래에셋자산운용
444,KINDEX 코스피,305050,시장지수/코스피200,70,27980,1585,-8.43,0.02,한국투자신탁운용
445,KBSTAR 수출주,140570,스타일/스타일,70,11560,8196,-7.7,0.4,케이비자산운용
447,TIGER 200커버드콜5%OTM,166400,파생상품/구조화,69,13855,21,-6.67,0.38,미래에셋자산운용
448,KODEX MSCI모멘텀,275280,시장지수/MSCI Korea Index,69,11490,382,-9.53,0.3,삼성자산운용
450,KODEX 경기소비재,266390,섹터/경기소비재,68,11335,3853,-0.74,0.45,삼성자산운용
451,ARIRANG 선진국MSCI(합성 H),195970,해외지수/해외지수,68,11285,10006,-7.0,0.5,한화자산운용
453,KOSEF 릭소글로벌디지털경제MSCI,394340,해외지수/해외지수,66,8420,618,-13.95,0.31,키움투자자산운용
454,TIGER 200동일가중,252000,시장지수/코스피200,66,11990,1469,-2.95,0.25,미래에셋자산운용
456,KBSTAR 유로스탁스50(H),379790,해외지수/해외지수,65,10055,13717,-6.38,0.02,케이비자산운용
457,KINDEX 스마트퀄리티,322120,투자전략/투자전략,65,16265,539,-9.91,0.19,한국투자신탁운용
458,ARIRANG 스마트베타Quality채권혼합,238670,기타/기타,65,10800,696,-1.68,0.2,한화자산운용
459,TIGER 코스피중형주,277650,스타일/스타일,65,16110,2463,-3.56,0.29,미래에셋자산운용
460,ARIRANG S&P글로벌인프라,269530,해외지수/해외지수,65,12940,1357,7.88,0.3,한화자산운용
461,KBSTAR 팔라듐선물(H),334690,상품/금속,64,14970,22701,51.59,0.6,케이비자산운용
462,TIGER 200커버드콜ATM,289480,파생상품/구조화,64,10565,44,-4.6,0.38,미래에셋자산운용
464,HANARO 농업융복합산업,314700,테마/기타,63,11395,593,-5.51,0.5,엔에이치아문디자산운용
465,KBSTAR 모멘텀로우볼,252730,투자전략/투자전략,63,15670,216,-2.55,0.35,케이비자산운용
466,KODEX Fn Top10동일가중,395170,테마/우량주,63,7835,8644,-14.04,0.15,삼성자산운용
467,KINDEX 스마트모멘텀,272220,투자전략/투자전략,62,15545,1550,-8.69,0.19,한국투자신탁운용
468,TIGER 200 경기소비재,139290,섹터/경기소비재,62,15435,5083,-10.5,0.4,미래에셋자산운용
470,HK 베스트일레븐액티브,391670,시장지수/코스피200,61,8730,1853,-10.42,0.3,흥국자산운용
471,TIGER 차이나항셍25,117690,해외지수/해외지수,61,13525,2549,-8.25,0.49,미래에셋자산운용
472,KINDEX Fn5G플러스,380340,섹터/IT,60,8575,9933,-7.94,0.35,한국투자신탁운용
473,KBSTAR 200금융,284980,섹터/금융,59,9220,5420,0.99,0.19,케이비자산운용
474,파워 중기국고채,176710,채권/국공채권,59,98540,3,-0.59,0.15,교보악사자산운용
475,KBSTAR 200고배당커버드콜ATM,290080,파생상품/구조화,59,8365,126,3.9,0.4,케이비자산운용
476,KBSTAR 헬스케어,253280,섹터/의료,59,12975,3272,-11.49,0.4,케이비자산운용
477,KINDEX 싱가포르리츠채권혼합모닝스타,342140,해외지수/해외지수,59,9775,145,-2.98,0.4,한국투자신탁운용
478,ARIRANG KS모멘텀가중TR,333960,투자전략/투자전략,58,14590,2673,-5.72,0.25,한화자산운용
480,KBSTAR 우량업종,140580,테마/우량주,58,11595,166,-3.98,0.4,케이비자산운용
481,ARIRANG 탄소효율그린뉴딜,376250,테마/녹색성장,58,8965,516,-7.58,0.2,한화자산운용
482,KINDEX Fn K-뉴딜디지털플러스,368470,테마/기타,58,11600,2763,-19.02,0.02,한국투자신탁운용
483,TIGER 코스닥150IT,261060,시장지수/코스닥,58,16110,3397,-7.36,0.4,미래에셋자산운용
484,KINDEX 필리핀MSCI(합성),261920,해외지수/해외지수,58,14360,326,-2.91,0.5,한국투자신탁운용
485,HANARO KRX기후변화솔루션,404470,테마/녹색성장,57,8795,1057,-11.65,0.25,엔에이치아문디자산운용
486,TIGER KTOP30,228820,테마/우량주,57,9465,2354,-11.0,0.25,미래에셋자산운용
487,TIGER 라틴35,105010,해외지수/해외지수,57,3740,13211,17.94,0.49,미래에셋자산운용
488,ARIRANG KS로우사이즈가중TR,333950,투자전략/투자전략,56,16125,2538,-5.37,0.25,한화자산운용
490,마이티 200커버드콜ATM레버리지,292340,파생상품/구조화,56,9275,24,-8.98,0.51,DB자산운용
491,HK S&P코리아로우볼,215620,투자전략/투자전략,55,12105,288,-0.25,0.4,흥국자산운용
492,KBSTAR 미국장기국채선물(H),267440,해외지수/해외지수,55,10925,1328,-7.88,0.4,케이비자산운용
493,TIGER 코스피대형주,277640,스타일/스타일,54,13540,979,-8.01,0.29,미래에셋자산운용
494,TIGER 증권,157500,섹터/금융,54,4615,12445,-5.24,0.4,미래에셋자산운용
495,KODEX K-이노베이션액티브,373490,투자전략/투자전략,53,10530,2077,-5.73,0.5,삼성자산운용
496,TIGER 200 산업재,227550,섹터/산업재,52,6490,8886,3.67,0.4,미래에셋자산운용
497,TIGER 지주회사,307520,그룹주/기타,52,10360,2931,-6.29,0.5,미래에셋자산운용
498,ARIRANG KS로우볼가중TR,333940,투자전략/투자전략,52,12925,2496,-4.86,0.25,한화자산운용
499,KODEX 국채선물3년인버스,292770,채권/국공채권,52,50530,19,0.81,0.07,삼성자산운용
500,KODEX 멀티에셋하이인컴(H),321410,해외지수/해외지수,51,10230,378,-6.02,0.25,삼성자산운용
501,HK 하이볼액티브,391680,시장지수/코스피200,51,8525,3022,-7.49,0.3,흥국자산운용
502,KINDEX 국채선물3년인버스,299080,채권/국공채권,51,101150,4,0.84,0.05,한국투자신탁운용
503,KINDEX 국채선물10년인버스,299070,채권/국공채권,50,100615,13,4.74,0.05,한국투자신탁운용
505,SOL 중국본토 중소형 CSI500(합성 H),220130,해외지수/해외지수,49,5460,2422,-14.02,0.6,신한자산운용
506,KBSTAR 중소형고배당,281990,스타일/스타일,49,12240,1239,1.66,0.3,케이비자산운용
507,ARIRANG 200동일가중,295820,시장지수/코스피200,48,10765,96,-3.37,0.23,한화자산운용
508,TIGER 방송통신,098560,섹터/통신서비스,48,9290,3929,-3.18,0.46,미래에셋자산운용
511,ARIRANG 코스피중형주,301440,스타일/스타일,47,11890,66,-3.45,0.25,한화자산운용
513,KODEX MSCI EM선물(H),291890,해외지수/해외지수,45,8935,2193,-8.69,0.45,삼성자산운용
514,KBSTAR 국채선물5년추종,397420,채권/국공채권,44,48700,1416,-1.61,0.07,케이비자산운용
515,ARIRANG 주도업종,280920,투자전략/투자전략,44,9710,2745,-10.92,0.23,한화자산운용
516,TIGER 200 생활소비재,227560,섹터/필수소비재,43,9415,7208,-6.55,0.4,미래에셋자산운용
518,KINDEX 차이나항셍테크,371870,해외지수/해외지수,42,5955,10188,-19.25,0.25,한국투자신탁운용
521,KBSTAR 200커뮤니케이션서비스,315480,시장지수/코스피200,41,16860,1588,-13.54,0.19,케이비자산운용
522,KBSTAR 코스피ex200,361590,시장지수/코스피200,40,13350,7832,-4.71,0.25,케이비자산운용
523,TIGER 모멘텀,147970,투자전략/투자전략,40,24995,1451,1.05,0.29,미래에셋자산운용
525,KBSTAR 200중공업,285010,섹터/산업재,39,9845,4448,-1.1,0.19,케이비자산운용
526,ARIRANG 중형주저변동50,266550,투자전략/투자전략,39,11255,106,-1.57,0.23,한화자산운용
527,HANARO KAP초장기국고채,346000,채권/국공채권,39,41990,1347,-7.31,0.2,엔에이치아문디자산운용
528,KBSTAR 200건설,287300,섹터/산업재,38,12505,3831,0.08,0.19,케이비자산운용
530,ARIRANG KS퀄리티가중TR,333980,투자전략/투자전략,36,14510,1538,-8.22,0.25,한화자산운용
532,ARIRANG ESG우수기업,278420,테마/SRI,32,9165,2947,-0.87,0.23,한화자산운용
533,ARIRANG KRX300헬스케어,309210,시장지수/KRX300,31,10020,1754,-13.84,0.4,한화자산운용
535,KBSTAR 모멘텀밸류,252720,투자전략/투자전략,28,14185,562,-1.66,0.35,케이비자산운용
537,ARIRANG 코스닥150,301400,시장지수/코스닥,27,13125,2259,-10.62,0.15,한화자산운용
538,TIGER 가격조정,217790,투자전략/투자전략,23,23370,3391,-5.29,0.29,미래에셋자산운용
539,KBSTAR 200철강소재,285020,섹터/소재,21,8950,3071,3.65,0.19,케이비자산운용
540,KBSTAR 국채선물10년,295000,채권/국공채권,21,52875,1126,-4.22,0.07,케이비자산운용
541,KBSTAR 200에너지화학,284990,섹터/소재,20,11020,2020,-13.6,0.19,케이비자산운용
542,SOL 선진국MSCI World(합성 H),208470,해외지수/해외지수,18,17960,48,-6.65,0.35,신한자산운용
543,KBSTAR 200생활소비재,287330,섹터/필수소비재,17,7190,3685,-6.56,0.19,케이비자산운용
544,KBSTAR 200경기소비재,287310,섹터/경기소비재,10,9720,1408,-9.41,0.19,케이비자산운용
545,KBSTAR 200산업재,287320,섹터/산업재,7,11970,484,7.26,0.19,케이비자산운용
546,KINDEX 러시아MSCI(합성),265690,해외지수/해외지수,3,10070,72372,-67.83,0.5,한국투자신탁운용
548,KINDEX 차이나항셍테크,371870,해외지수/해외지수,42,5955,10188,-19.25,0.25,한국투자신탁운용
551,KBSTAR 200커뮤니케이션서비스,315480,시장지수/코스피200,41,16860,1588,-13.54,0.19,케이비자산운용
552,KBSTAR 코스피ex200,361590,시장지수/코스피200,40,13350,7832,-4.71,0.25,케이비자산운용
553,TIGER 모멘텀,147970,투자전략/투자전략,40,24995,1451,1.05,0.29,미래에셋자산운용
555,KBSTAR 200중공업,285010,섹터/산업재,39,9845,4448,-1.1,0.19,케이비자산운용
556,ARIRANG 중형주저변동50,266550,투자전략/투자전략,39,11255,106,-1.57,0.23,한화자산운용
557,HANARO KAP초장기국고채,346000,채권/국공채권,39,41990,1347,-7.31,0.2,엔에이치아문디자산운용
558,KBSTAR 200건설,287300,섹터/산업재,38,12505,3831,0.08,0.19,케이비자산운용
560,ARIRANG KS퀄리티가중TR,333980,투자전략/투자전략,36,14510,1538,-8.22,0.25,한화자산운용
562,ARIRANG ESG우수기업,278420,테마/SRI,32,9165,2947,-0.87,0.23,한화자산운용
563,ARIRANG KRX300헬스케어,309210,시장지수/KRX300,31,10020,1754,-13.84,0.4,한화자산운용
565,KBSTAR 모멘텀밸류,252720,투자전략/투자전략,28,14185,562,-1.66,0.35,케이비자산운용
567,ARIRANG 코스닥150,301400,시장지수/코스닥,27,13125,2259,-10.62,0.15,한화자산운용
568,TIGER 가격조정,217790,투자전략/투자전략,23,23370,3391,-5.29,0.29,미래에셋자산운용
569,KBSTAR 200철강소재,285020,섹터/소재,21,8950,3071,3.65,0.19,케이비자산운용
